"env","n","r2","r2_sd"
"Ours",388,0.0491433503345859,0.0355009803029004
